algorithm,dataset,size,comparisons,time_microseconds
quicksort,random,100,2065,76
quicksort,reversed,100,6847,326
quicksort,almost_sorted,100,6077,252
quicksort,random,200,4673,174
quicksort,reversed,200,23723,1040
quicksort,almost_sorted,200,22933,1001
quicksort,random,300,6183,262
quicksort,reversed,300,50512,2261
quicksort,almost_sorted,300,40962,1650
quicksort,random,400,7682,322
quicksort,reversed,400,87319,3781
quicksort,almost_sorted,400,76998,3126
quicksort,random,500,8215,348
quicksort,reversed,500,134105,5700
quicksort,almost_sorted,500,120362,4852
quicksort,random,600,9754,423
quicksort,reversed,600,191128,8105
quicksort,almost_sorted,600,170843,6989
quicksort,random,700,11457,494
quicksort,reversed,700,260440,10951
quicksort,almost_sorted,700,233946,9578
quicksort,random,800,12659,560
quicksort,reversed,800,337604,14684
quicksort,almost_sorted,800,109163,4497
quicksort,random,900,14110,634
quicksort,reversed,900,425606,17953
quicksort,almost_sorted,900,182729,7590
quicksort,random,1000,16793,717
quicksort,reversed,1000,522714,22006
quicksort,almost_sorted,1000,269784,11131
quicksort,random,1100,18044,802
quicksort,reversed,1100,629576,26413
quicksort,almost_sorted,1100,218686,9067
quicksort,random,1200,21608,944
quicksort,reversed,1200,746101,31233
quicksort,almost_sorted,1200,118558,4878
quicksort,random,1300,22394,997
quicksort,reversed,1300,873096,36577
quicksort,almost_sorted,1300,196387,8156
quicksort,random,1400,23251,1041
quicksort,reversed,1400,1009689,50437
quicksort,almost_sorted,1400,92083,3882
quicksort,random,1500,27444,1208
quicksort,reversed,1500,1156617,48232
quicksort,almost_sorted,1500,231409,9559
quicksort,random,1600,27350,1227
quicksort,reversed,1600,1313573,54724
quicksort,almost_sorted,1600,83732,3487
quicksort,random,1700,31634,1403
quicksort,reversed,1700,1480429,61922
quicksort,almost_sorted,1700,94792,3925
quicksort,random,1800,30116,1345
quicksort,reversed,1800,1657324,69233
quicksort,almost_sorted,1800,126262,5214
quicksort,random,1900,35247,1554
quicksort,reversed,1900,1845590,77255
quicksort,almost_sorted,1900,191311,7865
quicksort,random,2000,37405,1669
quicksort,reversed,2000,2045138,85095
quicksort,almost_sorted,2000,165647,7007
quicksort,random,2100,38154,1705
quicksort,reversed,2100,2251645,102163
quicksort,almost_sorted,2100,121241,5069
quicksort,random,2200,40419,1802
quicksort,reversed,2200,2468949,103869
quicksort,almost_sorted,2200,125120,5283
quicksort,random,2300,41729,1860
quicksort,reversed,2300,2696402,112884
quicksort,almost_sorted,2300,213603,9086
quicksort,random,2400,41164,1848
quicksort,reversed,2400,2933866,122798
quicksort,almost_sorted,2400,307202,12912
quicksort,random,2500,46045,2040
quicksort,reversed,2500,3180537,133565
quicksort,almost_sorted,2500,284650,11824
quicksort,random,2600,46798,2075
quicksort,reversed,2600,3438177,144220
quicksort,almost_sorted,2600,160485,6639
quicksort,random,2700,50866,2234
quicksort,reversed,2700,3705097,155755
quicksort,almost_sorted,2700,219331,9229
quicksort,random,2800,53047,2330
quicksort,reversed,2800,3982351,166310
quicksort,almost_sorted,2800,158944,6556
quicksort,random,2900,53937,2396
quicksort,reversed,2900,4269838,179270
quicksort,almost_sorted,2900,224243,9296
quicksort,random,3000,55530,2502
quicksort,reversed,3000,4569034,191471
quicksort,almost_sorted,3000,333382,13688
mergesort,random,100,1822,150
mergesort,reversed,100,601,110
mergesort,almost_sorted,100,792,114
mergesort,random,200,3941,320
mergesort,reversed,200,1291,239
mergesort,almost_sorted,200,2019,258
mergesort,random,300,4985,476
mergesort,reversed,300,2006,371
mergesort,almost_sorted,300,3430,413
mergesort,random,400,6106,640
mergesort,reversed,400,2806,511
mergesort,almost_sorted,400,4644,570
mergesort,random,500,7150,801
mergesort,reversed,500,3696,661
mergesort,almost_sorted,500,5418,702
mergesort,random,600,8470,978
mergesort,reversed,600,4304,799
mergesort,almost_sorted,600,7011,883
mergesort,random,700,9821,1152
mergesort,reversed,700,5575,964
mergesort,almost_sorted,700,8249,1045
mergesort,random,800,11199,1334
mergesort,reversed,800,6375,1115
mergesort,almost_sorted,800,9828,1227
mergesort,random,900,12468,1513
mergesort,reversed,900,7477,1276
mergesort,almost_sorted,900,10906,1385
mergesort,random,1000,13794,1689
mergesort,reversed,1000,8494,1431
mergesort,almost_sorted,1000,11715,1540
mergesort,random,1100,15234,1884
mergesort,reversed,1100,9261,1585
mergesort,almost_sorted,1100,13226,1718
mergesort,random,1200,16870,6194
mergesort,reversed,1200,9770,1918
mergesort,almost_sorted,1200,15117,2291
mergesort,random,1300,18404,2373
mergesort,reversed,1300,10679,1909
mergesort,almost_sorted,1300,16021,2135
mergesort,random,1400,19927,2501
mergesort,reversed,1400,11609,2083
mergesort,almost_sorted,1400,17778,2301
mergesort,random,1500,21362,2679
mergesort,reversed,1500,12544,2225
mergesort,almost_sorted,1500,19038,2440
mergesort,random,1600,23074,2865
mergesort,reversed,1600,13369,2386
mergesort,almost_sorted,1600,20672,2646
mergesort,random,1700,24732,3061
mergesort,reversed,1700,14320,2583
mergesort,almost_sorted,1700,22082,2818
mergesort,random,1800,26258,3241
mergesort,reversed,1800,15331,2716
mergesort,almost_sorted,1800,23602,2986
mergesort,random,1900,27925,3511
mergesort,reversed,1900,16700,2926
mergesort,almost_sorted,1900,24544,3302
mergesort,random,2000,29398,3708
mergesort,reversed,2000,18087,3113
mergesort,almost_sorted,2000,25824,3332
mergesort,random,2100,31181,3865
mergesort,reversed,2100,19059,3255
mergesort,almost_sorted,2100,27143,3508
mergesort,random,2200,32719,4066
mergesort,reversed,2200,19815,3462
mergesort,almost_sorted,2200,29035,3715
mergesort,random,2300,34427,4383
mergesort,reversed,2300,20513,3736
mergesort,almost_sorted,2300,30834,4089
mergesort,random,2400,36269,4573
mergesort,reversed,2400,21202,3748
mergesort,almost_sorted,2400,32331,4080
mergesort,random,2500,37837,4947
mergesort,reversed,2500,22189,4087
mergesort,almost_sorted,2500,33916,4298
mergesort,random,2600,39791,4950
mergesort,reversed,2600,23036,4447
mergesort,almost_sorted,2600,35108,4689
mergesort,random,2700,41394,6214
mergesort,reversed,2700,24028,4271
mergesort,almost_sorted,2700,36909,4745
mergesort,random,2800,43295,5348
mergesort,reversed,2800,25045,4424
mergesort,almost_sorted,2800,38483,4832
mergesort,random,2900,44996,5499
mergesort,reversed,2900,26081,4775
mergesort,almost_sorted,2900,39597,5392
mergesort,random,3000,46681,6095
mergesort,reversed,3000,27443,4977
mergesort,almost_sorted,3000,40685,5295
string_quicksort,random,100,902,20
string_quicksort,reversed,100,1121,27
string_quicksort,almost_sorted,100,933,24
string_quicksort,random,200,1886,46
string_quicksort,reversed,200,2610,67
string_quicksort,almost_sorted,200,2380,62
string_quicksort,random,300,2713,72
string_quicksort,reversed,300,4878,126
string_quicksort,almost_sorted,300,4309,110
string_quicksort,random,400,3896,106
string_quicksort,reversed,400,6057,153
string_quicksort,almost_sorted,400,6239,161
string_quicksort,random,500,4931,138
string_quicksort,reversed,500,8740,226
string_quicksort,almost_sorted,500,8274,212
string_quicksort,random,600,5840,165
string_quicksort,reversed,600,11439,292
string_quicksort,almost_sorted,600,10139,263
string_quicksort,random,700,6588,193
string_quicksort,reversed,700,14758,376
string_quicksort,almost_sorted,700,12075,311
string_quicksort,random,800,8142,235
string_quicksort,reversed,800,17243,433
string_quicksort,almost_sorted,800,13298,342
string_quicksort,random,900,8728,255
string_quicksort,reversed,900,20618,526
string_quicksort,almost_sorted,900,15393,398
string_quicksort,random,1000,10215,303
string_quicksort,reversed,1000,24689,610
string_quicksort,almost_sorted,1000,17450,451
string_quicksort,random,1100,11339,335
string_quicksort,reversed,1100,27667,698
string_quicksort,almost_sorted,1100,23080,592
string_quicksort,random,1200,12028,357
string_quicksort,reversed,1200,31186,786
string_quicksort,almost_sorted,1200,25860,663
string_quicksort,random,1300,14602,425
string_quicksort,reversed,1300,35769,907
string_quicksort,almost_sorted,1300,29724,778
string_quicksort,random,1400,14598,431
string_quicksort,reversed,1400,41678,1055
string_quicksort,almost_sorted,1400,30292,781
string_quicksort,random,1500,15865,470
string_quicksort,reversed,1500,45127,1121
string_quicksort,almost_sorted,1500,33062,871
string_quicksort,random,1600,16652,500
string_quicksort,reversed,1600,51620,1291
string_quicksort,almost_sorted,1600,42553,1090
string_quicksort,random,1700,18989,559
string_quicksort,reversed,1700,55281,1376
string_quicksort,almost_sorted,1700,47890,1242
string_quicksort,random,1800,20087,600
string_quicksort,reversed,1800,61425,1591
string_quicksort,almost_sorted,1800,48373,1307
string_quicksort,random,1900,21098,636
string_quicksort,reversed,1900,68592,1732
string_quicksort,almost_sorted,1900,52693,1364
string_quicksort,random,2000,21388,644
string_quicksort,reversed,2000,72726,1781
string_quicksort,almost_sorted,2000,62931,1675
string_quicksort,random,2100,22823,718
string_quicksort,reversed,2100,78842,2073
string_quicksort,almost_sorted,2100,56309,1544
string_quicksort,random,2200,24512,780
string_quicksort,reversed,2200,86315,2245
string_quicksort,almost_sorted,2200,74197,1994
string_quicksort,random,2300,25582,786
string_quicksort,reversed,2300,93695,2419
string_quicksort,almost_sorted,2300,76173,1978
string_quicksort,random,2400,26589,806
string_quicksort,reversed,2400,101442,2572
string_quicksort,almost_sorted,2400,83382,2161
string_quicksort,random,2500,27582,835
string_quicksort,reversed,2500,107038,2710
string_quicksort,almost_sorted,2500,89424,2322
string_quicksort,random,2600,28866,883
string_quicksort,reversed,2600,114817,2899
string_quicksort,almost_sorted,2600,89586,2305
string_quicksort,random,2700,33203,988
string_quicksort,reversed,2700,121864,3081
string_quicksort,almost_sorted,2700,78049,2017
string_quicksort,random,2800,33361,994
string_quicksort,reversed,2800,132290,3339
string_quicksort,almost_sorted,2800,81473,2107
string_quicksort,random,2900,34167,1024
string_quicksort,reversed,2900,139474,3526
string_quicksort,almost_sorted,2900,86783,2235
string_quicksort,random,3000,34453,1044
string_quicksort,reversed,3000,149878,3767
string_quicksort,almost_sorted,3000,91990,2389
string_mergesort_lcp,random,100,986,138
string_mergesort_lcp,reversed,100,551,127
string_mergesort_lcp,almost_sorted,100,623,126
string_mergesort_lcp,random,200,2010,300
string_mergesort_lcp,reversed,200,1139,276
string_mergesort_lcp,almost_sorted,200,1395,276
string_mergesort_lcp,random,300,3139,473
string_mergesort_lcp,reversed,300,1705,434
string_mergesort_lcp,almost_sorted,300,2269,436
string_mergesort_lcp,random,400,4376,658
string_mergesort_lcp,reversed,400,2371,585
string_mergesort_lcp,almost_sorted,400,2965,600
string_mergesort_lcp,random,500,5760,833
string_mergesort_lcp,reversed,500,3062,736
string_mergesort_lcp,almost_sorted,500,3526,773
string_mergesort_lcp,random,600,7261,1104
string_mergesort_lcp,reversed,600,3416,946
string_mergesort_lcp,almost_sorted,600,4476,1263
string_mergesort_lcp,random,700,8808,1308
string_mergesort_lcp,reversed,700,4403,1122
string_mergesort_lcp,almost_sorted,700,5104,1148
string_mergesort_lcp,random,800,10335,1495
string_mergesort_lcp,reversed,800,4926,1297
string_mergesort_lcp,almost_sorted,800,5974,1338
string_mergesort_lcp,random,900,11931,1699
string_mergesort_lcp,reversed,900,5703,1461
string_mergesort_lcp,almost_sorted,900,6646,1493
string_mergesort_lcp,random,1000,13490,1861
string_mergesort_lcp,reversed,1000,6367,1615
string_mergesort_lcp,almost_sorted,1000,7221,1650
string_mergesort_lcp,random,1100,15224,2088
string_mergesort_lcp,reversed,1100,7020,1806
string_mergesort_lcp,almost_sorted,1100,8065,1831
string_mergesort_lcp,random,1200,17000,2300
string_mergesort_lcp,reversed,1200,7135,1959
string_mergesort_lcp,almost_sorted,1200,9333,2028
string_mergesort_lcp,random,1300,18785,2518
string_mergesort_lcp,reversed,1300,7861,2145
string_mergesort_lcp,almost_sorted,1300,9855,2194
string_mergesort_lcp,random,1400,20486,2724
string_mergesort_lcp,reversed,1400,8678,2329
string_mergesort_lcp,almost_sorted,1400,11092,2399
string_mergesort_lcp,random,1500,22132,3382
string_mergesort_lcp,reversed,1500,9274,2664
string_mergesort_lcp,almost_sorted,1500,12071,2653
string_mergesort_lcp,random,1600,23994,3222
string_mergesort_lcp,reversed,1600,9814,2728
string_mergesort_lcp,almost_sorted,1600,12907,2789
string_mergesort_lcp,random,1700,25828,3407
string_mergesort_lcp,reversed,1700,10419,2886
string_mergesort_lcp,almost_sorted,1700,13787,3075
string_mergesort_lcp,random,1800,27655,3860
string_mergesort_lcp,reversed,1800,11258,3174
string_mergesort_lcp,almost_sorted,1800,14769,3216
string_mergesort_lcp,random,1900,29534,3831
string_mergesort_lcp,reversed,1900,12176,3291
string_mergesort_lcp,almost_sorted,1900,15511,3387
string_mergesort_lcp,random,2000,31175,4050
string_mergesort_lcp,reversed,2000,12970,3475
string_mergesort_lcp,almost_sorted,2000,16090,3525
string_mergesort_lcp,random,2100,33205,4309
string_mergesort_lcp,reversed,2100,13629,3648
string_mergesort_lcp,almost_sorted,2100,16899,3733
string_mergesort_lcp,random,2200,34978,4511
string_mergesort_lcp,reversed,2200,14342,3836
string_mergesort_lcp,almost_sorted,2200,17863,3950
string_mergesort_lcp,random,2300,36848,4731
string_mergesort_lcp,reversed,2300,14577,4023
string_mergesort_lcp,almost_sorted,2300,19277,4149
string_mergesort_lcp,random,2400,38981,4994
string_mergesort_lcp,reversed,2400,14927,4250
string_mergesort_lcp,almost_sorted,2400,20203,4371
string_mergesort_lcp,random,2500,40611,5244
string_mergesort_lcp,reversed,2500,15628,4422
string_mergesort_lcp,almost_sorted,2500,21134,4591
string_mergesort_lcp,random,2600,42821,5464
string_mergesort_lcp,reversed,2600,16088,4607
string_mergesort_lcp,almost_sorted,2600,21771,4780
string_mergesort_lcp,random,2700,44592,5690
string_mergesort_lcp,reversed,2700,16841,4830
string_mergesort_lcp,almost_sorted,2700,23002,4973
string_mergesort_lcp,random,2800,46658,5960
string_mergesort_lcp,reversed,2800,17633,5007
string_mergesort_lcp,almost_sorted,2800,24089,5166
string_mergesort_lcp,random,2900,48510,6169
string_mergesort_lcp,reversed,2900,18212,5194
string_mergesort_lcp,almost_sorted,2900,24673,5383
string_mergesort_lcp,random,3000,50474,6413
string_mergesort_lcp,reversed,3000,18989,5429
string_mergesort_lcp,almost_sorted,3000,25720,5565
msd_radix,random,100,1090,252
msd_radix,reversed,100,496,150
msd_radix,almost_sorted,100,488,158
msd_radix,random,200,2134,441
msd_radix,reversed,200,972,278
msd_radix,almost_sorted,200,1132,276
msd_radix,random,300,2552,578
msd_radix,reversed,300,1448,412
msd_radix,almost_sorted,300,1776,445
msd_radix,random,400,2988,749
msd_radix,reversed,400,1924,548
msd_radix,almost_sorted,400,2346,589
msd_radix,random,500,3424,858
msd_radix,reversed,500,2422,709
msd_radix,almost_sorted,500,2816,710
msd_radix,random,600,3850,932
msd_radix,reversed,600,2906,855
msd_radix,almost_sorted,600,3268,834
msd_radix,random,700,4304,1034
msd_radix,reversed,700,3660,1028
msd_radix,almost_sorted,700,3858,978
msd_radix,random,800,4736,1099
msd_radix,reversed,800,4138,1155
msd_radix,almost_sorted,800,4396,1072
msd_radix,random,900,5186,1193
msd_radix,reversed,900,4760,1316
msd_radix,almost_sorted,900,4870,1209
msd_radix,random,1000,5620,1257
msd_radix,reversed,1000,5270,1447
msd_radix,almost_sorted,1000,5360,1381
msd_radix,random,1100,6064,1332
msd_radix,reversed,1100,5764,1601
msd_radix,almost_sorted,1100,5850,1533
msd_radix,random,1200,6524,1440
msd_radix,reversed,1200,6230,1725
msd_radix,almost_sorted,1200,6334,1663
msd_radix,random,1300,6982,1524
msd_radix,reversed,1300,6706,1854
msd_radix,almost_sorted,1300,6800,1780
msd_radix,random,1400,7462,1652
msd_radix,reversed,1400,7134,1916
msd_radix,almost_sorted,1400,7286,1925
msd_radix,random,1500,7954,1801
msd_radix,reversed,1500,7624,2078
msd_radix,almost_sorted,1500,7774,2064
msd_radix,random,1600,8482,1996
msd_radix,reversed,1600,8118,2234
msd_radix,almost_sorted,1600,8338,2206
msd_radix,random,1700,8980,2131
msd_radix,reversed,1700,8620,2407
msd_radix,almost_sorted,1700,8876,2389
msd_radix,random,1800,9472,2263
msd_radix,reversed,1800,9094,2516
msd_radix,almost_sorted,1800,9510,2529
msd_radix,random,1900,9956,2392
msd_radix,reversed,1900,9774,2670
msd_radix,almost_sorted,1900,10080,2718
msd_radix,random,2000,10426,2500
msd_radix,reversed,2000,10530,2806
msd_radix,almost_sorted,2000,10564,2853
msd_radix,random,2100,10936,2652
msd_radix,reversed,2100,10978,2924
msd_radix,almost_sorted,2100,11052,3000
msd_radix,random,2200,11426,2785
msd_radix,reversed,2200,11500,3071
msd_radix,almost_sorted,2200,11542,3147
msd_radix,random,2300,11920,2922
msd_radix,reversed,2300,11988,3238
msd_radix,almost_sorted,2300,12026,3267
msd_radix,random,2400,12412,3062
msd_radix,reversed,2400,12542,3375
msd_radix,almost_sorted,2400,12524,3413
msd_radix,random,2500,12978,3290
msd_radix,reversed,2500,13014,3492
msd_radix,almost_sorted,2500,13024,3534
msd_radix,random,2600,13484,3421
msd_radix,reversed,2600,13618,3663
msd_radix,almost_sorted,2600,13500,3670
msd_radix,random,2700,14004,3621
msd_radix,reversed,2700,14112,3780
msd_radix,almost_sorted,2700,14062,3823
msd_radix,random,2800,14550,3815
msd_radix,reversed,2800,14598,3926
msd_radix,almost_sorted,2800,14710,3932
msd_radix,random,2900,15102,4015
msd_radix,reversed,2900,15212,4131
msd_radix,almost_sorted,2900,15280,4075
msd_radix,random,3000,15640,4215
msd_radix,reversed,3000,15918,4265
msd_radix,almost_sorted,3000,15764,4179
msd_radix_quick,random,100,864,31
msd_radix_quick,reversed,100,1637,51
msd_radix_quick,almost_sorted,100,847,32
msd_radix_quick,random,200,1772,58
msd_radix_quick,reversed,200,3492,104
msd_radix_quick,almost_sorted,200,1849,64
msd_radix_quick,random,300,2074,72
msd_radix_quick,reversed,300,5258,157
msd_radix_quick,almost_sorted,300,2598,96
msd_radix_quick,random,400,2572,92
msd_radix_quick,reversed,400,7050,205
msd_radix_quick,almost_sorted,400,3580,126
msd_radix_quick,random,500,3083,112
msd_radix_quick,reversed,500,8764,254
msd_radix_quick,almost_sorted,500,4418,155
msd_radix_quick,random,600,3618,132
msd_radix_quick,reversed,600,10653,310
msd_radix_quick,almost_sorted,600,5304,185
msd_radix_quick,random,700,4257,160
msd_radix_quick,reversed,700,12940,368
msd_radix_quick,almost_sorted,700,6246,216
msd_radix_quick,random,800,4788,185
msd_radix_quick,reversed,800,14902,423
msd_radix_quick,almost_sorted,800,7099,248
msd_radix_quick,random,900,5337,206
msd_radix_quick,reversed,900,17347,491
msd_radix_quick,almost_sorted,900,7987,275
msd_radix_quick,random,1000,5958,229
msd_radix_quick,reversed,1000,18975,535
msd_radix_quick,almost_sorted,1000,8854,305
msd_radix_quick,random,1100,6634,257
msd_radix_quick,reversed,1100,20696,597
msd_radix_quick,almost_sorted,1100,9681,341
msd_radix_quick,random,1200,7390,287
msd_radix_quick,reversed,1200,22284,642
msd_radix_quick,almost_sorted,1200,10485,369
msd_radix_quick,random,1300,8117,318
msd_radix_quick,reversed,1300,24166,691
msd_radix_quick,almost_sorted,1300,11276,396
msd_radix_quick,random,1400,8890,344
msd_radix_quick,reversed,1400,25993,745
msd_radix_quick,almost_sorted,1400,12085,426
msd_radix_quick,random,1500,9631,371
msd_radix_quick,reversed,1500,27817,804
msd_radix_quick,almost_sorted,1500,12988,456
msd_radix_quick,random,1600,10344,400
msd_radix_quick,reversed,1600,29672,848
msd_radix_quick,almost_sorted,1600,13814,481
msd_radix_quick,random,1700,11120,428
msd_radix_quick,reversed,1700,31365,889
msd_radix_quick,almost_sorted,1700,14676,518
msd_radix_quick,random,1800,12041,465
msd_radix_quick,reversed,1800,33151,941
msd_radix_quick,almost_sorted,1800,15575,545
msd_radix_quick,random,1900,12796,494
msd_radix_quick,reversed,1900,35132,1003
msd_radix_quick,almost_sorted,1900,16433,580
msd_radix_quick,random,2000,13605,521
msd_radix_quick,reversed,2000,37174,1062
msd_radix_quick,almost_sorted,2000,17285,607
msd_radix_quick,random,2100,14361,549
msd_radix_quick,reversed,2100,38855,1104
msd_radix_quick,almost_sorted,2100,18125,635
msd_radix_quick,random,2200,15183,576
msd_radix_quick,reversed,2200,40903,1162
msd_radix_quick,almost_sorted,2200,18937,663
msd_radix_quick,random,2300,16060,605
msd_radix_quick,reversed,2300,42958,1219
msd_radix_quick,almost_sorted,2300,19712,686
msd_radix_quick,random,2400,16871,652
msd_radix_quick,reversed,2400,45152,1287
msd_radix_quick,almost_sorted,2400,20525,719
msd_radix_quick,random,2500,17730,683
msd_radix_quick,reversed,2500,46891,1343
msd_radix_quick,almost_sorted,2500,21495,757
msd_radix_quick,random,2600,18432,715
msd_radix_quick,reversed,2600,49137,1402
msd_radix_quick,almost_sorted,2600,22447,786
msd_radix_quick,random,2700,19372,749
msd_radix_quick,reversed,2700,50859,1439
msd_radix_quick,almost_sorted,2700,23335,818
msd_radix_quick,random,2800,20217,786
msd_radix_quick,reversed,2800,52876,1515
msd_radix_quick,almost_sorted,2800,24186,838
msd_radix_quick,random,2900,21078,808
msd_radix_quick,reversed,2900,55038,1559
msd_radix_quick,almost_sorted,2900,25186,880
msd_radix_quick,random,3000,22007,846
msd_radix_quick,reversed,3000,57121,1619
msd_radix_quick,almost_sorted,3000,26192,902
